{"cameraMode":{"drawMode":0,"name":"Shaded","section":"Shading Mode"},"sceneLighting":false,"audioPlay":false,"sceneViewState":{"showFog":true,"showMaterialUpdate":false,"showSkybox":false,"showFlares":true,"showImageEffects":true,"showParticleSystems":true},"in2DMode":false,"pivot":{"x":0.30062928795814516,"y":2.2797348499298097,"z":-0.040975332260131839},"rotation":{"x":-0.05986670032143593,"y":-0.05686686187982559,"z":-0.003416178748011589,"w":0.9965794086456299},"size":3.0049936771392824,"orthographic":false}